No.of nodes:	 20
Area:	 500 x 500
Mobility:	 100
 
CBR Pkt_size:	 50
Node Speed:	 10
 
 	 DSDV 	 AODV 	 AOMDV 	 DSR
0.1 	0.857708	0.102757	2.532500	0.030000	
0.05 	0.424063	0.051314	1.270911	0.016230	
0.033 	0.281250	0.033856	0.843364	0.010717	
0.025 	0.212241	0.025641	0.637102	0.008745	
0.02 	0.169170	0.020531	0.513500	0.007000	
 
CBR Pkt_size:	 100
Node Speed:	 10
 
 	 DSDV 	 AODV 	 AOMDV 	 DSR
0.1 	0.857708	0.102757	2.555000	0.037406	
0.05 	0.424063	0.051314	1.265918	0.019950	
0.033 	0.281250	0.033856	0.849134	0.014015	
0.025 	0.212241	0.025641	0.637102	0.008745	
0.02 	0.169170	0.020531	0.513500	0.008496	
 
CBR Pkt_size:	 150
Node Speed:	 10
 
 	 DSDV 	 AODV 	 AOMDV 	 DSR
0.1 	0.857708	0.102757	2.565000	0.032500	
0.05 	0.424063	0.051314	1.273408	0.018727	
0.033 	0.281250	0.033856	0.842539	0.013190	
0.025 	0.212241	0.025641	0.640849	0.010612	
0.02 	0.169170	0.020531	0.511500	0.006500	
 
CBR Pkt_size:	 200
Node Speed:	 10
 
 	 DSDV 	 AODV 	 AOMDV 	 DSR
0.1 	0.857708	0.102757	2.540000	0.037406	
0.05 	0.424063	0.051314	1.264669	0.019950	
0.033 	0.281250	0.033856	0.843364	0.014015	
0.025 	0.214215	0.025641	0.637102	0.009369	
0.02 	0.169170	0.020531	0.513000	0.007000	
 
CBR Pkt_size:	 250
Node Speed:	 10
 
 	 DSDV 	 AODV 	 AOMDV 	 DSR
0.1 	0.857708	0.102757	2.585000	0.032500	
0.05 	0.424063	0.051314	1.277154	0.017478	
0.033 	0.282552	0.033856	0.839242	0.012366	
0.025 	0.212241	0.025641	0.645222	0.008120	
0.02 	0.169170	0.020531	0.513500	0.006500	
 
CBR Pkt_size:	 50
Node Speed:	 8
 
 	 DSDV 	 AODV 	 AOMDV 	 DSR
0.1 	0.873518	0.102757	2.550000	0.030000	
0.05 	0.435897	0.051250	1.270911	0.016230	
0.033 	0.287760	0.033828	0.840890	0.010717	
0.025 	0.217177	0.025641	0.637102	0.009369	
0.02 	0.173123	0.020531	0.511000	0.008000	
 
CBR Pkt_size:	 100
Node Speed:	 8
 
 	 DSDV 	 AODV 	 AOMDV 	 DSR
0.1 	0.873518	0.102757	2.575000	0.040000	
0.05 	0.435897	0.051250	1.272160	0.022472	
0.033 	0.289062	0.033828	0.841715	0.014015	
0.025 	0.218164	0.026283	0.639600	0.009994	
0.02 	0.173123	0.020531	0.509500	0.009000	
 
CBR Pkt_size:	 150
Node Speed:	 8
 
 	 DSDV 	 AODV 	 AOMDV 	 DSR
0.1 	0.873518	0.102757	2.532500	0.037500	
0.05 	0.435897	0.051250	1.278402	0.018727	
0.033 	0.287760	0.033828	0.849134	0.014015	
0.025 	0.218164	0.026283	0.642099	0.011243	
0.02 	0.173123	0.020531	0.514000	0.006500	
 
CBR Pkt_size:	 200
Node Speed:	 8
 
 	 DSDV 	 AODV 	 AOMDV 	 DSR
0.1 	0.873518	0.102757	2.532500	0.040000	
0.05 	0.435897	0.051250	1.270911	0.022472	
0.033 	0.287760	0.033828	0.844188	0.014839	
0.025 	0.217177	0.026283	0.637102	0.009369	
0.02 	0.173123	0.020531	0.510500	0.008000	
 
CBR Pkt_size:	 250
Node Speed:	 8
 
 	 DSDV 	 AODV 	 AOMDV 	 DSR
0.1 	0.873518	0.102757	2.545000	0.037500	
0.05 	0.435897	0.051250	1.277154	0.018727	
0.033 	0.287760	0.033828	0.841715	0.012366	
0.025 	0.217177	0.025657	0.643348	0.008120	
0.02 	0.173123	0.020531	0.511000	0.006500	
 
CBR Pkt_size:	 50
Node Speed:	 6
 
 	 DSDV 	 AODV 	 AOMDV 	 DSR
0.1 	0.885375	0.050000	2.550000	0.030000	
0.05 	0.443787	0.024969	1.277154	0.016230	
0.033 	0.296875	0.016488	0.849134	0.010717	
0.025 	0.222113	0.012492	0.637102	0.008745	
0.02 	0.177866	0.010000	0.515000	0.007000	
 
CBR Pkt_size:	 100
Node Speed:	 6
 
 	 DSDV 	 AODV 	 AOMDV 	 DSR
0.1 	0.885375	0.050000	2.547500	0.040000	
0.05 	0.441815	0.024969	1.269663	0.021223	
0.033 	0.295573	0.016488	0.841715	0.014839	
0.025 	0.222113	0.012492	0.640849	0.009369	
0.02 	0.177866	0.010000	0.510500	0.008500	
 
CBR Pkt_size:	 150
Node Speed:	 6
 
 	 DSDV 	 AODV 	 AOMDV 	 DSR
0.1 	0.885375	0.050000	2.535000	0.035000	
0.05 	0.441815	0.024969	1.275905	0.018727	
0.033 	0.294271	0.016488	0.848310	0.015664	
0.025 	0.222113	0.012492	0.643348	0.009994	
0.02 	0.177866	0.010000	0.510000	0.006500	
 
CBR Pkt_size:	 200
Node Speed:	 6
 
 	 DSDV 	 AODV 	 AOMDV 	 DSR
0.1 	0.885375	0.050000	2.532500	0.040000	
0.05 	0.441815	0.024969	1.265918	0.023720	
0.033 	0.294271	0.016488	0.845012	0.014015	
0.025 	0.220138	0.012492	0.639600	0.009369	
0.02 	0.177866	0.010000	0.513500	0.007500	
 
CBR Pkt_size:	 250
Node Speed:	 6
 
 	 DSDV 	 AODV 	 AOMDV 	 DSR
0.1 	0.885375	0.050000	2.532500	0.035000	
0.05 	0.441815	0.024969	1.270911	0.018727	
0.033 	0.296875	0.016488	0.841715	0.011542	
0.025 	0.220138	0.012492	0.643348	0.008120	
0.02 	0.179447	0.010000	0.511000	0.006500	
 
CBR Pkt_size:	 50
Node Speed:	 4
 
 	 DSDV 	 AODV 	 AOMDV 	 DSR
0.1 	0.900000	0.050000	2.547500	0.027500	
0.05 	0.453094	0.024969	1.275905	0.014981	
0.033 	0.298153	0.016488	0.841715	0.009893	
0.025 	0.225774	0.012492	0.638351	0.009369	
0.02 	0.179343	0.010000	0.513000	0.007000	
 
CBR Pkt_size:	 100
Node Speed:	 4
 
 	 DSDV 	 AODV 	 AOMDV 	 DSR
0.1 	0.900000	0.050000	2.537500	0.037500	
0.05 	0.453094	0.024969	1.282147	0.021223	
0.033 	0.295515	0.016488	0.844188	0.013190	
0.025 	0.226773	0.012492	0.638351	0.008745	
0.02 	0.179343	0.010000	0.513500	0.008000	
 
CBR Pkt_size:	 150
Node Speed:	 4
 
 	 DSDV 	 AODV 	 AOMDV 	 DSR
0.1 	0.900000	0.050000	2.530000	0.032500	
0.05 	0.453094	0.024969	1.280899	0.017478	
0.033 	0.295515	0.016488	0.840066	0.013190	
0.025 	0.225774	0.012492	0.641474	0.010612	
0.02 	0.180945	0.010000	0.511500	0.006000	
 
CBR Pkt_size:	 200
Node Speed:	 4
 
 	 DSDV 	 AODV 	 AOMDV 	 DSR
0.1 	0.900000	0.050000	2.537500	0.037500	
0.05 	0.453094	0.024969	1.272160	0.019975	
0.033 	0.294195	0.016488	0.845012	0.013190	
0.025 	0.223776	0.012492	0.637102	0.009363	
0.02 	0.184948	0.010000	0.515500	0.007000	
 
CBR Pkt_size:	 250
Node Speed:	 4
 
 	 DSDV 	 AODV 	 AOMDV 	 DSR
0.1 	0.900000	0.050000	2.552500	0.032500	
0.05 	0.453094	0.024969	1.273408	0.017478	
0.033 	0.294195	0.016488	0.848310	0.012366	
0.025 	0.226773	0.012492	0.642099	0.007495	
0.02 	0.180144	0.010000	0.517000	0.006000	
 
CBR Pkt_size:	 50
Node Speed:	 2
 
 	 DSDV 	 AODV 	 AOMDV 	 DSR
0.1 	2.446809	0.050000	2.547500	0.025000	
0.05 	0.521445	0.024969	1.275905	0.013733	
0.033 	0.342772	0.016488	0.843364	0.009068	
0.025 	0.257627	0.012492	0.633979	0.008745	
0.02 	0.207428	0.010000	0.515000	0.006500	
 
CBR Pkt_size:	 100
Node Speed:	 2
 
 	 DSDV 	 AODV 	 AOMDV 	 DSR
0.1 	1.040724	0.050000	2.545000	0.035000	
0.05 	0.521445	0.024969	1.273408	0.018727	
0.033 	0.339791	0.016488	0.844188	0.012366	
0.025 	0.259050	0.012492	0.637726	0.008120	
0.02 	0.208145	0.010000	0.511000	0.008496	
 
CBR Pkt_size:	 150
Node Speed:	 2
 
 	 DSDV 	 AODV 	 AOMDV 	 DSR
0.1 	1.040724	0.050000	2.547500	0.030000	
0.05 	0.519187	0.024969	1.282147	0.016230	
0.033 	0.342772	0.016488	0.847486	0.014003	
0.025 	0.257627	0.012492	0.635853	0.009994	
0.02 	0.206522	0.010000	0.511000	0.005500	
 
CBR Pkt_size:	 200
Node Speed:	 2
 
 	 DSDV 	 AODV 	 AOMDV 	 DSR
0.1 	1.036199	0.050000	2.555000	0.035000	
0.05 	0.519187	0.024969	1.268414	0.019975	
0.033 	0.338301	0.016488	0.844188	0.013180	
0.025 	0.256497	0.012492	0.636477	0.008745	
0.02 	0.208333	0.010000	0.513500	0.007000	
 
CBR Pkt_size:	 250
Node Speed:	 2
 
 	 DSDV 	 AODV 	 AOMDV 	 DSR
0.1 	1.040724	0.050000	2.542500	0.030000	
0.05 	0.523702	0.024969	1.280899	0.016230	
0.033 	0.339791	0.016488	0.847486	0.010708	
0.025 	0.262443	0.012492	0.640849	0.006871	
0.02 	0.211051	0.010000	0.512500	0.005500	
 
No.of nodes:	 20
Area:	 500 x 500
Mobility:	 10
 
CBR Pkt_size:	 50
Node Speed:	 10
 
 	 DSDV 	 AODV 	 AOMDV 	 DSR
0.1 	1.886179	0.100000	2.938202	0.025000	
0.05 	0.931174	0.049938	1.469846	0.013733	
0.033 	0.612299	0.089478	1.003817	0.009068	
0.025 	0.465587	0.025016	0.734551	0.006871	
0.02 	0.375000	0.034188	0.599769	0.005503	
 
CBR Pkt_size:	 100
Node Speed:	 10
 
 	 DSDV 	 AODV 	 AOMDV 	 DSR
0.1 	1.886179	0.100000	3.005780	0.025000	
0.05 	0.931174	0.050000	1.460028	0.013733	
0.033 	0.612299	0.102310	0.973148	0.009068	
0.025 	0.467611	0.025016	0.878641	0.006871	
0.02 	0.375000	0.067522	0.592238	0.005500	
 
CBR Pkt_size:	 150
Node Speed:	 10
 
 	 DSDV 	 AODV 	 AOMDV 	 DSR
0.1 	1.886179	0.100000	2.932584	0.025000	
0.05 	0.931174	0.074906	1.469846	0.013733	
0.033 	0.609626	0.052023	0.975000	0.009068	
0.025 	0.467611	0.064456	0.734035	0.006871	
0.02 	0.373377	0.033149	0.592468	0.005500	
 
CBR Pkt_size:	 200
Node Speed:	 10
 
 	 DSDV 	 AODV 	 AOMDV 	 DSR
0.1 	1.886179	0.100000	2.932584	0.025000	
0.05 	0.927126	0.049938	1.464236	0.013733	
0.033 	0.609626	0.069479	0.981481	0.009068	
0.025 	0.465587	0.053258	0.746489	0.006871	
0.02 	0.373377	0.030675	0.594488	0.005500	
 
CBR Pkt_size:	 250
Node Speed:	 10
 
 	 DSDV 	 AODV 	 AOMDV 	 DSR
0.1 	1.886179	0.100000	3.338558	0.025000	
0.05 	0.927126	0.130163	1.472651	0.013733	
0.033 	0.609626	0.052152	0.943243	0.009068	
0.025 	0.465587	0.024984	0.752890	0.006871	
0.02 	0.373377	0.035211	0.589758	0.005500	
 
CBR Pkt_size:	 50
Node Speed:	 8
 
 	 DSDV 	 AODV 	 AOMDV 	 DSR
0.1 	3.571429	0.158291	2.901961	0.025000	
0.05 	1.712121	0.078849	1.465084	0.013733	
0.033 	1.161616	0.052023	0.992403	0.009068	
0.025 	0.904762	0.041431	0.860447	0.006871	
0.02 	0.803571	0.057518	0.587346	0.005503	
 
CBR Pkt_size:	 100
Node Speed:	 8
 
 	 DSDV 	 AODV 	 AOMDV 	 DSR
0.1 	2.922078	0.258145	2.941176	0.025000	
0.05 	1.477124	0.080201	1.462291	0.013733	
0.033 	0.978355	0.052023	0.974170	0.009068	
0.025 	0.735294	0.042085	0.862729	0.006871	
0.02 	0.806452	0.033685	0.586130	0.005500	
 
CBR Pkt_size:	 150
Node Speed:	 8
 
 	 DSDV 	 AODV 	 AOMDV 	 DSR
0.1 	2.935065	0.150000	3.020173	0.025000	
0.05 	1.474026	0.106383	1.505747	0.013733	
0.033 	0.969828	0.070306	0.997151	0.009068	
0.025 	0.739414	0.042085	0.759166	0.006871	
0.02 	0.800712	0.034691	0.587675	0.005500	
 
CBR Pkt_size:	 200
Node Speed:	 8
 
 	 DSDV 	 AODV 	 AOMDV 	 DSR
0.1 	2.935065	0.157895	3.043478	0.025000	
0.05 	1.490196	0.049938	1.462291	0.013733	
0.033 	0.991342	0.052893	0.968635	0.009068	
0.025 	0.745098	0.069811	0.729560	0.006871	
0.02 	0.813620	0.032080	0.687939	0.005500	
 
CBR Pkt_size:	 250
Node Speed:	 8
 
 	 DSDV 	 AODV 	 AOMDV 	 DSR
0.1 	3.289855	0.157895	2.921569	0.025000	
0.05 	1.644928	0.078750	1.714968	0.013733	
0.033 	1.095694	0.052109	0.997151	0.009068	
0.025 	0.825455	0.041457	0.746945	0.006871	
0.02 	0.813620	0.054165	0.582774	0.005500	
 
CBR Pkt_size:	 50
Node Speed:	 6
 
 	 DSDV 	 AODV 	 AOMDV 	 DSR
0.1 	1.633094	0.150000	2.908333	0.025000	
0.05 	0.821429	0.050000	1.486448	0.013733	
0.033 	0.541371	0.032976	1.084200	0.009068	
0.025 	0.407871	0.024984	0.723803	0.006871	
0.02 	0.327116	0.043238	0.583565	0.005503	
 
CBR Pkt_size:	 100
Node Speed:	 6
 
 	 DSDV 	 AODV 	 AOMDV 	 DSR
0.1 	1.633094	0.150000	2.897222	0.025000	
0.05 	0.821429	0.050000	1.457698	0.013733	
0.033 	0.541371	0.032976	0.961538	0.009068	
0.025 	0.406082	0.025000	0.752857	0.006871	
0.02 	0.328551	0.043194	0.593143	0.005500	
 
CBR Pkt_size:	 150
Node Speed:	 6
 
 	 DSDV 	 AODV 	 AOMDV 	 DSR
0.1 	1.633094	0.100000	2.900000	0.025000	
0.05 	0.817857	0.080100	1.456311	0.013733	
0.033 	0.541371	0.052023	0.994340	0.009068	
0.025 	0.404293	0.070485	0.733843	0.006871	
0.02 	0.325681	0.043077	0.603892	0.005500	
 
CBR Pkt_size:	 200
Node Speed:	 6
 
 	 DSDV 	 AODV 	 AOMDV 	 DSR
0.1 	1.647482	0.100000	2.971429	0.025000	
0.05 	0.814286	0.080201	1.485021	0.013733	
0.033 	0.541371	0.052109	0.969725	0.009068	
0.025 	0.406082	0.042059	0.752143	0.006871	
0.02 	0.325681	0.045798	0.585651	0.005500	
 
CBR Pkt_size:	 250
Node Speed:	 6
 
 	 DSDV 	 AODV 	 AOMDV 	 DSR
0.1 	1.625899	0.157895	3.563333	0.025000	
0.05 	0.814286	0.049938	1.493581	0.013733	
0.033 	0.539007	0.068538	0.994340	0.009068	
0.025 	3.275362	0.072601	0.721027	0.006871	
0.02 	0.334315	0.035750	0.586303	0.005500	
 
CBR Pkt_size:	 50
Node Speed:	 4
 
 	 DSDV 	 AODV 	 AOMDV 	 DSR
0.1 	1.621429	0.157895	3.002882	0.025000	
0.05 	0.807143	0.049938	1.468354	0.013733	
0.033 	0.535377	0.052066	0.948463	0.009068	
0.025 	0.409660	0.040100	0.734880	0.006871	
0.02 	0.325681	0.030000	0.587042	0.005503	
 
CBR Pkt_size:	 100
Node Speed:	 4
 
 	 DSDV 	 AODV 	 AOMDV 	 DSR
0.1 	1.621429	0.157895	2.935211	0.025000	
0.05 	0.807143	0.049938	1.468354	0.013733	
0.033 	0.536643	0.052066	0.975859	0.009068	
0.025 	0.409660	0.037500	0.734177	0.006871	
0.02 	0.325681	0.058081	0.592113	0.005500	
 
CBR Pkt_size:	 150
Node Speed:	 4
 
 	 DSDV 	 AODV 	 AOMDV 	 DSR
0.1 	1.621429	0.200000	2.949296	0.025000	
0.05 	0.810714	0.080100	1.476793	0.013733	
0.033 	0.536643	0.049423	0.980483	0.009068	
0.025 	0.408602	0.040050	0.741913	0.006871	
0.02 	0.324247	0.033668	0.597746	0.005500	
 
CBR Pkt_size:	 200
Node Speed:	 4
 
 	 DSDV 	 AODV 	 AOMDV 	 DSR
0.1 	1.614286	0.157895	2.946479	0.025000	
0.05 	0.817857	0.074906	1.465541	0.013733	
0.033 	0.536643	0.051240	0.973978	0.009068	
0.025 	0.407871	0.040075	0.732771	0.006871	
0.02 	0.325681	0.033149	0.590525	0.005500	
 
CBR Pkt_size:	 250
Node Speed:	 4
 
 	 DSDV 	 AODV 	 AOMDV 	 DSR
0.1 	1.614286	0.150000	2.963380	0.025000	
0.05 	0.817857	0.128750	1.466948	0.013733	
0.033 	0.534279	0.052893	0.976766	0.009068	
0.025 	0.407871	0.039400	0.738213	0.006871	
0.02 	0.326149	0.033702	0.592676	0.005500	
 
CBR Pkt_size:	 50
Node Speed:	 2
 
 	 DSDV 	 AODV 	 AOMDV 	 DSR
0.1 	1.640288	0.100000	2.545000	0.025000	
0.05 	0.817204	0.050000	1.277154	0.013733	
0.033 	0.539192	0.032976	0.844188	0.009068	
0.025 	0.406475	0.024984	0.635853	0.006871	
0.02 	0.327089	0.033149	0.509000	0.005503	
 
CBR Pkt_size:	 100
Node Speed:	 2
 
 	 DSDV 	 AODV 	 AOMDV 	 DSR
0.1 	1.640288	0.100000	2.545000	0.025000	
0.05 	0.817204	0.050000	1.274657	0.013733	
0.033 	0.539192	0.033003	0.840066	0.009068	
0.025 	0.406475	0.025016	0.637726	0.006871	
0.02 	0.325648	0.020000	0.510000	0.005500	
 
CBR Pkt_size:	 150
Node Speed:	 2
 
 	 DSDV 	 AODV 	 AOMDV 	 DSR
0.1 	1.640288	0.100000	2.547500	0.025000	
0.05 	0.817204	0.049938	1.285893	0.013733	
0.033 	0.536817	0.033031	0.843364	0.009068	
0.025 	0.406475	0.024984	0.640225	0.006871	
0.02 	0.327089	0.030706	0.511500	0.005500	
 
CBR Pkt_size:	 200
Node Speed:	 2
 
 	 DSDV 	 AODV 	 AOMDV 	 DSR
0.1 	1.640288	0.150376	2.555000	0.025000	
0.05 	0.817204	0.049938	1.277154	0.013733	
0.033 	0.536817	0.032976	0.841715	0.009068	
0.025 	0.406475	0.024984	0.637102	0.006871	
0.02 	0.325648	0.020010	0.506500	0.005500	
 
CBR Pkt_size:	 250
Node Speed:	 2
 
 	 DSDV 	 AODV 	 AOMDV 	 DSR
0.1 	1.647482	0.100000	2.542500	0.025000	
0.05 	0.820789	0.049938	1.277154	0.013733	
0.033 	0.536817	0.032976	0.845012	0.009068	
0.025 	0.408273	0.024984	0.634603	0.006871	
0.02 	0.327561	0.044769	0.511500	0.005500	
 
No.of nodes:	 20
Area:	 500 x 500
Mobility:	 25
 
CBR Pkt_size:	 50
Node Speed:	 10
 
 	 DSDV 	 AODV 	 AOMDV 	 DSR
0.1 	13.411765	0.258145	3.873188	0.025000	
0.05 	6.333333	0.203750	2.005525	0.013733	
0.033 	4.185185	0.085879	1.000000	0.009068	
0.025 	3.183099	0.024984	0.739649	0.006871	
0.02 	2.590909	0.033668	0.709807	0.005503	
 
CBR Pkt_size:	 100
Node Speed:	 10
 
 	 DSDV 	 AODV 	 AOMDV 	 DSR
0.1 	13.294118	0.258145	3.005780	0.025000	
0.05 	6.333333	0.155194	1.471248	0.022472	
0.033 	4.203704	0.068652	0.979630	0.020610	
0.025 	3.211268	0.024984	1.039234	0.011868	
0.02 	2.539326	0.056566	0.692456	0.005506	
 
CBR Pkt_size:	 150
Node Speed:	 10
 
 	 DSDV 	 AODV 	 AOMDV 	 DSR
0.1 	13.294118	0.100000	2.949438	0.025000	
0.05 	6.277778	0.103750	1.731826	0.013733	
0.033 	4.185185	0.032976	0.981481	0.009068	
0.025 	3.138889	0.053258	0.865385	0.006871	
0.02 	2.609195	0.033685	0.592135	0.005506	
 
CBR Pkt_size:	 200
Node Speed:	 10
 
 	 DSDV 	 AODV 	 AOMDV 	 DSR
0.1 	13.411765	0.100000	4.018797	0.025000	
0.05 	6.277778	0.128750	1.739903	0.013733	
0.033 	4.259259	0.065952	0.976852	0.009068	
0.025 	3.183099	0.024984	0.738062	0.006871	
0.02 	2.590909	0.056480	0.812030	0.005500	
 
CBR Pkt_size:	 250
Node Speed:	 10
 
 	 DSDV 	 AODV 	 AOMDV 	 DSR
0.1 	13.294118	0.100000	2.863388	0.025000	
0.05 	6.305556	0.130163	1.728595	0.013733	
0.033 	4.185185	0.069421	0.945946	0.009068	
0.025 	3.183099	0.024984	0.910638	0.006871	
0.02 	2.590909	0.069909	0.596175	0.005500	
 
CBR Pkt_size:	 50
Node Speed:	 8
 
 	 DSDV 	 AODV 	 AOMDV 	 DSR
0.1 	3.639344	0.208020	3.386581	0.025000	
0.05 	1.991071	0.080100	1.707006	0.013733	
0.033 	1.290698	0.049464	1.146838	0.009068	
0.025 	1.000000	0.081132	0.733753	0.006871	
0.02 	0.795699	0.033668	0.582867	0.005503	
 
CBR Pkt_size:	 100
Node Speed:	 8
 
 	 DSDV 	 AODV 	 AOMDV 	 DSR
0.1 	3.639344	0.213568	2.949580	0.025000	
0.05 	1.973451	0.105131	1.462291	0.039950	
0.033 	1.317647	0.115990	0.971376	0.014839	
0.025 	1.000000	0.082390	0.732867	0.018738	
0.02 	0.799283	0.054463	0.586689	0.005506	
 
CBR Pkt_size:	 150
Node Speed:	 8
 
 	 DSDV 	 AODV 	 AOMDV 	 DSR
0.1 	3.639344	0.208020	3.008646	0.025000	
0.05 	1.982143	0.103750	1.730645	0.013733	
0.033 	1.323529	0.052849	0.990503	0.009068	
0.025 	1.004464	0.037807	0.757554	0.006871	
0.02 	0.795699	0.066465	0.593505	0.005500	
 
CBR Pkt_size:	 200
Node Speed:	 8
 
 	 DSDV 	 AODV 	 AOMDV 	 DSR
0.1 	3.912281	0.208020	2.921569	0.025000	
0.05 	1.973451	0.100000	1.467877	0.013733	
0.033 	1.308140	0.069421	0.973247	0.009068	
0.025 	1.000000	0.069979	0.739678	0.006871	
0.02 	0.800000	0.051203	0.587017	0.005500	
 
CBR Pkt_size:	 250
Node Speed:	 8
 
 	 DSDV 	 AODV 	 AOMDV 	 DSR
0.1 	3.827586	0.208020	2.904762	0.025000	
0.05 	1.964602	0.078750	1.703822	0.013733	
0.033 	1.317647	0.052893	1.003795	0.009068	
0.025 	0.995556	0.053459	0.753415	0.006871	
0.02 	0.796429	0.055670	0.589815	0.005500	
 
CBR Pkt_size:	 50
Node Speed:	 6
 
 	 DSDV 	 AODV 	 AOMDV 	 DSR
0.1 	2.336735	0.150000	2.922222	0.025000	
0.05 	1.180412	0.099875	1.486448	0.013733	
0.033 	0.778912	0.066007	0.960623	0.009068	
0.025 	0.587629	0.037477	0.731944	0.006871	
0.02 	0.473140	0.082150	0.584213	0.005503	
 
CBR Pkt_size:	 100
Node Speed:	 6
 
 	 DSDV 	 AODV 	 AOMDV 	 DSR
0.1 	2.346939	0.157895	2.916667	0.025000	
0.05 	1.175258	0.074906	1.463245	0.022472	
0.033 	0.789116	0.098928	0.957875	0.014839	
0.025 	0.587629	0.050794	0.751429	0.015615	
0.02 	0.473140	0.033668	0.601259	0.005506	
 
CBR Pkt_size:	 150
Node Speed:	 6
 
 	 DSDV 	 AODV 	 AOMDV 	 DSR
0.1 	2.336735	0.100000	2.883333	0.025000	
0.05 	1.185567	0.099875	1.630603	0.013733	
0.033 	0.772881	0.049505	1.002830	0.009068	
0.025 	0.587629	0.038119	0.732130	0.006871	
0.02 	0.469136	0.033149	0.599771	0.005503	
 
CBR Pkt_size:	 200
Node Speed:	 6
 
 	 DSDV 	 AODV 	 AOMDV 	 DSR
0.1 	2.336735	0.157895	2.951429	0.025000	
0.05 	1.175258	0.074906	1.480742	0.013733	
0.033 	0.772881	0.052849	1.102083	0.009068	
0.025 	0.591731	0.111392	0.752857	0.006871	
0.02 	0.473251	0.045821	0.661830	0.005500	
 
CBR Pkt_size:	 250
Node Speed:	 6
 
 	 DSDV 	 AODV 	 AOMDV 	 DSR
0.1 	2.336735	0.150000	2.968571	0.025000	
0.05 	1.169231	0.075000	1.492154	0.013733	
0.033 	0.776271	0.053808	0.985849	0.009068	
0.025 	0.591731	0.069226	0.832939	0.006871	
0.02 	0.471193	0.046371	0.583982	0.005500	
 
CBR Pkt_size:	 50
Node Speed:	 4
 
 	 DSDV 	 AODV 	 AOMDV 	 DSR
0.1 	4.200000	0.157895	2.940845	0.025000	
0.05 	2.091743	0.049938	1.468354	0.013733	
0.033 	1.381818	0.032976	0.946703	0.009068	
0.025 	1.050691	0.025000	0.740506	0.006871	
0.02 	0.852399	0.067608	0.592342	0.005503	
 
CBR Pkt_size:	 100
Node Speed:	 4
 
 	 DSDV 	 AODV 	 AOMDV 	 DSR
0.1 	4.200000	0.208020	2.909859	0.025000	
0.05 	2.100917	0.074906	1.469761	0.022472	
0.033 	1.387879	0.051980	0.978644	0.014839	
0.025 	1.055300	0.056697	0.736990	0.011868	
0.02 	0.841328	0.042649	0.593574	0.005506	
 
CBR Pkt_size:	 150
Node Speed:	 4
 
 	 DSDV 	 AODV 	 AOMDV 	 DSR
0.1 	4.200000	0.157895	2.929577	0.025000	
0.05 	2.110092	0.050000	1.475387	0.013733	
0.033 	1.381818	0.032949	0.977716	0.009068	
0.025 	1.050691	0.038217	0.739100	0.006871	
0.02 	0.841328	0.034673	0.589859	0.005500	
 
CBR Pkt_size:	 200
Node Speed:	 4
 
 	 DSDV 	 AODV 	 AOMDV 	 DSR
0.1 	4.145455	0.150376	2.957746	0.025000	
0.05 	2.091743	0.049938	1.472574	0.013733	
0.033 	1.381818	0.069364	0.974930	0.009068	
0.025 	1.050691	0.037500	0.730661	0.006871	
0.02 	0.841328	0.044814	0.587704	0.005500	
 
CBR Pkt_size:	 250
Node Speed:	 4
 
 	 DSDV 	 AODV 	 AOMDV 	 DSR
0.1 	4.145455	0.157895	2.960563	0.025000	
0.05 	2.100917	0.074906	1.478200	0.013733	
0.033 	1.375758	0.049464	0.973073	0.009068	
0.025 	1.050691	0.025000	0.739437	0.006871	
0.02 	0.837638	0.034743	0.616608	0.005500	
 
CBR Pkt_size:	 50
Node Speed:	 2
 
 	 DSDV 	 AODV 	 AOMDV 	 DSR
0.1 	1.625899	0.100000	2.545000	0.025000	
0.05 	0.810036	0.049938	1.268414	0.013733	
0.033 	0.533175	0.032976	0.844188	0.009068	
0.025 	0.404676	0.025000	0.635853	0.006871	
0.02 	0.325648	0.033668	0.509000	0.005503	
 
CBR Pkt_size:	 100
Node Speed:	 2
 
 	 DSDV 	 AODV 	 AOMDV 	 DSR
0.1 	1.625899	0.150000	2.545000	0.025000	
0.05 	0.810036	0.049938	1.274657	0.013733	
0.033 	0.534442	0.032976	0.840066	0.009068	
0.025 	0.404676	0.024984	0.637726	0.006871	
0.02 	0.324207	0.020020	0.511500	0.005500	
 
CBR Pkt_size:	 150
Node Speed:	 2
 
 	 DSDV 	 AODV 	 AOMDV 	 DSR
0.1 	1.618705	0.100000	2.547500	0.025000	
0.05 	0.810036	0.050000	1.285893	0.013733	
0.033 	0.534442	0.032976	0.843364	0.009068	
0.025 	0.404676	0.040100	0.640225	0.006871	
0.02 	0.324207	0.030691	0.511500	0.005500	
 
CBR Pkt_size:	 200
Node Speed:	 2
 
 	 DSDV 	 AODV 	 AOMDV 	 DSR
0.1 	1.625899	0.100000	2.555000	0.025000	
0.05 	0.802867	0.049938	1.277154	0.013733	
0.033 	0.536817	0.032976	0.841715	0.009068	
0.025 	0.408273	0.038047	0.637102	0.006871	
0.02 	0.324207	0.020000	0.508000	0.005500	
 
CBR Pkt_size:	 250
Node Speed:	 2
 
 	 DSDV 	 AODV 	 AOMDV 	 DSR
0.1 	1.625899	0.100000	2.542500	0.025000	
0.05 	0.802867	0.049938	1.277154	0.013733	
0.033 	0.534442	0.032976	0.845012	0.009068	
0.025 	0.408273	0.024984	0.633354	0.006871	
0.02 	0.327561	0.030691	0.510500	0.005500	
 
No.of nodes:	 20
Area:	 500 x 500
Mobility:	 50
 
CBR Pkt_size:	 50
Node Speed:	 10
 
 	 DSDV 	 AODV 	 AOMDV 	 DSR
0.1 	11.894737	0.365239	5.090909	0.221106	
0.05 	5.700000	0.180905	2.096154	0.088861	
0.033 	3.766667	0.134934	1.370844	0.066335	
0.025 	2.860759	0.091023	1.142412	0.042527	
0.02 	2.329897	0.043741	0.805596	0.041123	
 
CBR Pkt_size:	 100
Node Speed:	 10
 
 	 DSDV 	 AODV 	 AOMDV 	 DSR
0.1 	11.894737	0.306533	4.141221	0.105263	
0.05 	5.625000	0.184673	2.096339	0.077500	
0.033 	3.766667	0.086849	1.366250	0.066335	
0.025 	8.296296	0.088972	0.838028	0.053817	
0.02 	2.295918	0.091878	0.742561	0.036647	
 
CBR Pkt_size:	 150
Node Speed:	 10
 
 	 DSDV 	 AODV 	 AOMDV 	 DSR
0.1 	11.894737	0.413098	4.178988	0.130982	
0.05 	5.625000	0.154135	2.087719	0.121673	
0.033 	7.322581	0.156667	1.395141	0.051495	
0.025 	8.107143	0.065522	0.982014	0.051282	
0.02 	2.340206	0.122211	0.774496	0.049899	
 
CBR Pkt_size:	 200
Node Speed:	 10
 
 	 DSDV 	 AODV 	 AOMDV 	 DSR
0.1 	11.894737	0.302500	3.992647	0.175879	
0.05 	5.600000	0.155388	2.790816	0.082603	
0.033 	3.750000	0.066007	2.194175	0.060504	
0.025 	8.071429	0.117237	0.887974	0.065204	
0.02 	2.306122	0.104167	0.905263	0.039196	
 
CBR Pkt_size:	 250
Node Speed:	 10
 
 	 DSDV 	 AODV 	 AOMDV 	 DSR
0.1 	12.000000	0.314070	3.757042	0.208543	
0.05 	5.625000	0.156642	2.268191	0.068664	
0.033 	3.766667	0.104391	1.144527	0.062862	
0.025 	8.035714	0.094778	0.894040	0.046963	
0.02 	2.306122	0.090725	0.888980	0.045203	
 
CBR Pkt_size:	 50
Node Speed:	 8
 
 	 DSDV 	 AODV 	 AOMDV 	 DSR
0.1 	5.155556	0.415617	3.347003	0.143216	
0.05 	1.316384	0.155583	2.312102	0.089084	
0.033 	2.062500	0.154229	1.344444	0.056978	
0.025 	0.962963	0.124051	0.989001	0.071429	
0.02 	6.210526	0.073980	0.907618	0.028557	
 
CBR Pkt_size:	 100
Node Speed:	 8
 
 	 DSDV 	 AODV 	 AOMDV 	 DSR
0.1 	5.155556	0.266332	4.348000	0.140351	
0.05 	1.316384	0.260705	2.215010	0.055207	
0.033 	1.718519	0.154613	1.323493	0.034625	
0.025 	0.962963	0.122075	1.072816	0.054511	
0.02 	6.131579	0.067574	0.822373	0.043565	
 
CBR Pkt_size:	 150
Node Speed:	 8
 
 	 DSDV 	 AODV 	 AOMDV 	 DSR
0.1 	5.155556	0.361809	3.516129	0.135678	
0.05 	1.316384	0.181704	1.805415	0.076441	
0.033 	1.696296	0.119304	1.404609	0.065327	
0.025 	0.962963	0.079114	1.041007	0.034440	
0.02 	6.105263	0.132555	1.115268	0.033601	
 
CBR Pkt_size:	 200
Node Speed:	 8
 
 	 DSDV 	 AODV 	 AOMDV 	 DSR
0.1 	5.155556	0.208020	3.556667	0.085427	
0.05 	1.316384	0.129073	1.977901	0.131579	
0.033 	1.276243	0.068538	1.327649	0.095710	
0.025 	0.958848	0.066583	1.193764	0.064353	
0.02 	6.184211	0.041625	0.687460	0.040161	
 
CBR Pkt_size:	 250
Node Speed:	 8
 
 	 DSDV 	 AODV 	 AOMDV 	 DSR
0.1 	5.155556	0.311558	4.717391	0.145729	
0.05 	1.316384	0.103880	1.688784	0.087500	
0.033 	10.086957	0.137645	1.313939	0.059504	
0.025 	0.958848	0.095778	1.157068	0.044431	
0.02 	0.750809	0.077312	0.827639	0.055218	
 
CBR Pkt_size:	 50
Node Speed:	 6
 
 	 DSDV 	 AODV 	 AOMDV 	 DSR
0.1 	59.500000	0.253133	3.376582	0.050251	
0.05 	0.918288	0.181477	1.667717	0.027534	
0.033 	0.643052	0.085879	1.014205	0.018167	
0.025 	19.666667	0.075815	0.851912	0.013141	
0.02 	0.437500	0.065565	0.812167	0.010015	
 
CBR Pkt_size:	 100
Node Speed:	 6
 
 	 DSDV 	 AODV 	 AOMDV 	 DSR
0.1 	59.500000	0.264484	3.383117	0.035000	
0.05 	39.500000	0.128911	1.685127	0.018727	
0.033 	0.643052	0.085194	1.165227	0.012366	
0.025 	0.585000	0.063870	0.932985	0.012523	
0.02 	0.434862	0.091832	0.780541	0.017017	
 
CBR Pkt_size:	 150
Node Speed:	 6
 
 	 DSDV 	 AODV 	 AOMDV 	 DSR
0.1 	59.500000	0.256281	3.041056	0.040000	
0.05 	39.500000	0.153942	1.608359	0.019975	
0.033 	0.643052	0.106136	1.155914	0.014026	
0.025 	0.587500	0.066625	0.878986	0.010625	
0.02 	0.434862	0.074074	0.726351	0.008509	
 
CBR Pkt_size:	 200
Node Speed:	 6
 
 	 DSDV 	 AODV 	 AOMDV 	 DSR
0.1 	59.500000	0.157895	3.200617	0.037500	
0.05 	39.500000	0.130489	1.668262	0.022472	
0.033 	0.645777	0.068538	1.157838	0.013212	
0.025 	0.587500	0.080554	0.821567	0.013150	
0.02 	0.433824	0.078402	0.652821	0.010015	
 
CBR Pkt_size:	 250
Node Speed:	 6
 
 	 DSDV 	 AODV 	 AOMDV 	 DSR
0.1 	59.500000	0.306533	3.289308	0.045226	
0.05 	39.500000	0.155388	1.506419	0.019975	
0.033 	0.645777	0.101906	1.096976	0.016529	
0.025 	0.585000	0.070573	0.828864	0.014393	
0.02 	0.470000	0.108696	0.585189	0.012531	
 
CBR Pkt_size:	 50
Node Speed:	 4
 
 	 DSDV 	 AODV 	 AOMDV 	 DSR
0.1 	1.807692	0.152882	2.940845	0.050251	
0.05 	0.900383	0.101377	1.505065	0.026283	
0.033 	0.641096	0.050455	0.977695	0.018993	
0.025 	0.487552	0.038149	0.793313	0.013141	
0.02 	0.389351	0.040541	0.590192	0.018036	
 
CBR Pkt_size:	 100
Node Speed:	 4
 
 	 DSDV 	 AODV 	 AOMDV 	 DSR
0.1 	1.807692	0.203008	3.175758	0.035000	
0.05 	0.896552	0.126250	1.465541	0.019975	
0.033 	0.640110	0.102479	0.971216	0.014015	
0.025 	0.485477	0.038149	0.741027	0.012523	
0.02 	0.390000	0.075643	0.636916	0.021021	
 
CBR Pkt_size:	 150
Node Speed:	 4
 
 	 DSDV 	 AODV 	 AOMDV 	 DSR
0.1 	1.807692	0.258145	2.946479	0.040000	
0.05 	0.900383	0.076250	1.468354	0.022472	
0.033 	0.640110	0.110401	0.981413	0.013201	
0.025 	0.485597	0.039424	0.748592	0.010632	
0.02 	0.390651	0.032598	0.639951	0.008008	
 
CBR Pkt_size:	 200
Node Speed:	 4
 
 	 DSDV 	 AODV 	 AOMDV 	 DSR
0.1 	1.815385	0.157895	2.918310	0.037500	
0.05 	0.900383	0.151250	1.470423	0.021223	
0.033 	0.641096	0.052849	0.967472	0.014851	
0.025 	0.489627	0.050657	0.731879	0.013767	
0.02 	0.390000	0.058675	0.595252	0.010521	
 
CBR Pkt_size:	 250
Node Speed:	 4
 
 	 DSDV 	 AODV 	 AOMDV 	 DSR
0.1 	1.807692	0.211055	2.929577	0.045226	
0.05 	0.900383	0.101250	1.471167	0.021223	
0.033 	0.641096	0.100666	0.970288	0.017355	
0.025 	0.487552	0.040050	0.796507	0.013776	
0.02 	0.391667	0.034743	0.588732	0.011529	
 
CBR Pkt_size:	 50
Node Speed:	 2
 
 	 DSDV 	 AODV 	 AOMDV 	 DSR
0.1 	1.017391	0.150000	2.542500	0.025000	
0.05 	0.520607	0.050000	1.278402	0.013733	
0.033 	0.332855	0.033003	0.840066	0.009068	
0.025 	0.258696	0.025016	0.640849	0.007495	
0.02 	0.201044	0.033702	0.510000	0.006500	
 
CBR Pkt_size:	 100
Node Speed:	 2
 
 	 DSDV 	 AODV 	 AOMDV 	 DSR
0.1 	1.017391	0.100000	2.542500	0.032500	
0.05 	0.520607	0.049938	1.280899	0.017478	
0.033 	0.332855	0.032976	0.843364	0.012366	
0.025 	0.257609	0.025000	0.638976	0.008120	
0.02 	0.201915	0.030722	0.510500	0.006500	
 
CBR Pkt_size:	 150
Node Speed:	 2
 
 	 DSDV 	 AODV 	 AOMDV 	 DSR
0.1 	1.017391	0.200000	2.567500	0.030000	
0.05 	0.509761	0.050000	1.273408	0.016230	
0.033 	0.344333	0.032976	0.847486	0.009893	
0.025 	0.255435	0.025000	0.634603	0.007495	
0.02 	0.201044	0.032598	0.512000	0.006503	
 
CBR Pkt_size:	 200
Node Speed:	 2
 
 	 DSDV 	 AODV 	 AOMDV 	 DSR
0.1 	1.017391	0.100000	2.542500	0.027500	
0.05 	0.509761	0.049938	1.274657	0.016230	
0.033 	0.344333	0.032976	0.845012	0.010717	
0.025 	0.254348	0.024984	0.639600	0.008120	
0.02 	0.210618	0.033099	0.509500	0.006500	
 
CBR Pkt_size:	 250
Node Speed:	 2
 
 	 DSDV 	 AODV 	 AOMDV 	 DSR
0.1 	1.013043	0.100000	2.545000	0.027500	
0.05 	0.509761	0.049938	1.282147	0.016230	
0.033 	0.342898	0.032976	0.843364	0.010717	
0.025 	0.255435	0.038071	0.642099	0.006871	
0.02 	0.203833	0.035750	0.511500	0.005500	
 
